	 ncbi_gene_id	gene_symbol	hpo_id	hpo_name
4553	348	APOE	HP:0001114	Xanthelasma
4554	348	APOE	HP:0010874	Tendon xanthomatosis
4555	348	APOE	HP:0002423	Long-tract signs
4556	348	APOE	HP:0100820	Glomerulopathy
4557	348	APOE	HP:0001288	Gait disturbance
4558	348	APOE	HP:0001285	Spastic tetraparesis
4559	348	APOE	HP:0001250	Seizure
4560	348	APOE	HP:0001260	Dysarthria
4561	348	APOE	HP:0002511	Alzheimer disease
4562	348	APOE	HP:0000083	Renal insufficiency
4563	348	APOE	HP:0000093	Proteinuria
4564	348	APOE	HP:0001397	Hepatic steatosis
4565	348	APOE	HP:0001394	Cirrhosis
4566	348	APOE	HP:0001332	Dystonia
4567	348	APOE	HP:0000007	Autosomal recessive inheritance
4568	348	APOE	HP:0000006	Autosomal dominant inheritance
4569	348	APOE	HP:0001336	Myoclonus
4570	348	APOE	HP:0002635	Type IV atherosclerotic lesion
4571	348	APOE	HP:0001300	Parkinsonism
4572	348	APOE	HP:0001482	Subcutaneous nodule
4573	348	APOE	HP:0002015	Dysphagia
4574	348	APOE	HP:0100543	Cognitive impairment
4575	348	APOE	HP:0002071	Abnormality of extrapyramidal motor function
4576	348	APOE	HP:0002155	Hypertriglyceridemia
4577	348	APOE	HP:0003487	Babinski sign
4578	348	APOE	HP:0002120	Cerebral cortical atrophy
4579	348	APOE	HP:0002113	Pulmonary infiltrates
4580	348	APOE	HP:0002186	Apraxia
4581	348	APOE	HP:0002185	Neurofibrillary tangles
4582	348	APOE	HP:0010524	Agnosia
4583	348	APOE	HP:0003596	Middle age onset
4584	348	APOE	HP:0002240	Hepatomegaly
4585	348	APOE	HP:0003584	Late onset
4586	348	APOE	HP:0003581	Adult onset
4587	348	APOE	HP:0002221	Absent axillary hair
4588	348	APOE	HP:0100721	Mediastinal lymphadenopathy
4589	348	APOE	HP:0011970	Cerebral amyloid angiopathy
4590	348	APOE	HP:0002395	Lower limb hyperreflexia
4591	348	APOE	HP:0001010	Hypopigmentation of the skin
4592	348	APOE	HP:0002354	Memory impairment
4593	348	APOE	HP:0003678	Rapidly progressive
4594	348	APOE	HP:0003651	Foam cells
4595	348	APOE	HP:0001084	Corneal arcus
4596	348	APOE	HP:0004950	Peripheral arterial stenosis
4597	348	APOE	HP:0004943	Accelerated atherosclerosis
4598	348	APOE	HP:0031868	Optic ataxia
4599	348	APOE	HP:0001982	Sea-blue histiocytosis
4600	348	APOE	HP:0000608	Macular degeneration
4601	348	APOE	HP:0030499	Macular drusen
4602	348	APOE	HP:0012662	Parietal hypometabolism in FDG PET
4603	348	APOE	HP:0012643	Foveal hypopigmentation
4604	348	APOE	HP:0001997	Gout
4605	348	APOE	HP:0031956	Elevated circulating aspartate aminotransferase concentration
4606	348	APOE	HP:0006979	Sleep-wake cycle disturbance
4607	348	APOE	HP:0031964	Elevated circulating alanine aminotransferase concentration
4608	348	APOE	HP:0000751	Personality changes
4609	348	APOE	HP:0000726	Dementia
4610	348	APOE	HP:0000799	Renal steatosis
4611	348	APOE	HP:0003124	Hypercholesterolemia
4612	348	APOE	HP:0003141	Increased LDL cholesterol concentration
4613	348	APOE	HP:0011506	Choroidal neovascularization
4614	348	APOE	HP:0000819	Diabetes mellitus
4615	348	APOE	HP:0000821	Hypothyroidism
4616	348	APOE	HP:0003233	Decreased HDL cholesterol concentration
4617	348	APOE	HP:0100256	Senile plaques
4618	348	APOE	HP:0000953	Hyperpigmentation of the skin
4619	348	APOE	HP:0000951	Abnormality of the skin
4620	348	APOE	HP:0000969	Edema
4621	348	APOE	HP:0000967	Petechiae
4622	348	APOE	HP:0025574	Macular hemorrhage
4623	348	APOE	HP:0001513	Obesity
4624	348	APOE	HP:0012397	Aortic atherosclerotic lesion
4625	348	APOE	HP:0005181	Premature coronary artery atherosclerosis
4626	348	APOE	HP:0001681	Angina pectoris
4627	348	APOE	HP:0031609	Geographic atrophy
4628	348	APOE	HP:0000498	Blepharitis
4629	348	APOE	HP:0001735	Acute pancreatitis
4630	348	APOE	HP:0000488	Retinopathy
4631	348	APOE	HP:0001744	Splenomegaly
4632	348	APOE	HP:0000529	Progressive visual loss
4633	348	APOE	HP:0012574	Mesangial hypercellularity
4634	348	APOE	HP:0001892	Abnormal bleeding
4635	348	APOE	HP:0001873	Thrombocytopenia
15870	1080	CFTR	HP:0032261	Nontuberculous mycobacterial pulmonary infection
15871	1080	CFTR	HP:0100812	Halitosis
15872	1080	CFTR	HP:0002595	Ileus
15873	1080	CFTR	HP:0002570	Steatorrhea
15874	1080	CFTR	HP:0007407	Excessive skin wrinkling on dorsum of hands and fingers
15875	1080	CFTR	HP:0007410	Palmoplantar hyperhidrosis
15876	1080	CFTR	HP:0008734	Decreased testicular size
15877	1080	CFTR	HP:0032359	Decreased forced expiratory flow 25-75%
15878	1080	CFTR	HP:0008669	Abnormal spermatogenesis
15879	1080	CFTR	HP:0001217	Clubbing
15880	1080	CFTR	HP:0032341	Reduced forced vital capacity
15881	1080	CFTR	HP:0032342	Reduced forced expiratory volume in one second
15882	1080	CFTR	HP:0001392	Abnormality of the liver
15883	1080	CFTR	HP:0001394	Cirrhosis
15884	1080	CFTR	HP:0000027	Azoospermia
15885	1080	CFTR	HP:0012092	Abnormality of exocrine pancreas physiology
15886	1080	CFTR	HP:0000007	Autosomal recessive inheritance
15887	1080	CFTR	HP:0000006	Autosomal dominant inheritance
15888	1080	CFTR	HP:0002613	Biliary cirrhosis
15889	1080	CFTR	HP:0031289	White papule
15890	1080	CFTR	HP:0006261	Abnormal phalangeal joint morphology of the hand
15891	1080	CFTR	HP:0002783	Recurrent lower respiratory tract infections
15892	1080	CFTR	HP:0000118	Phenotypic abnormality
15893	1080	CFTR	HP:0002795	Abnormal respiratory system physiology
15894	1080	CFTR	HP:0001433	Hepatosplenomegaly
15895	1080	CFTR	HP:0031245	Productive cough
15896	1080	CFTR	HP:0031248	Palmar pruritus
15897	1080	CFTR	HP:0002726	Recurrent Staphylococcus aureus infections
15898	1080	CFTR	HP:0002724	Recurrent Aspergillus infections
15899	1080	CFTR	HP:0002725	Systemic lupus erythematosus
15900	1080	CFTR	HP:0002024	Malabsorption
15901	1080	CFTR	HP:0002020	Gastroesophageal reflux
15902	1080	CFTR	HP:0002035	Rectal prolapse
15903	1080	CFTR	HP:0002027	Abdominal pain
15904	1080	CFTR	HP:0002014	Diarrhea
15905	1080	CFTR	HP:0002099	Asthma
15906	1080	CFTR	HP:0002097	Emphysema
15907	1080	CFTR	HP:0002094	Dyspnea
15908	1080	CFTR	HP:0100582	Nasal polyposis
15909	1080	CFTR	HP:0002150	Hypercalciuria
15910	1080	CFTR	HP:0002110	Bronchiectasis
15911	1080	CFTR	HP:0002107	Pneumothorax
15912	1080	CFTR	HP:0002105	Hemoptysis
15913	1080	CFTR	HP:0003593	Infantile onset
15914	1080	CFTR	HP:0002240	Hepatomegaly
15915	1080	CFTR	HP:0002202	Pleural effusion
15916	1080	CFTR	HP:0002205	Recurrent respiratory infections
15917	1080	CFTR	HP:0100749	Chest pain
15918	1080	CFTR	HP:0100759	Clubbing of fingers
15919	1080	CFTR	HP:0011961	Non-obstructive azoospermia
15920	1080	CFTR	HP:0011962	Obstructive azoospermia
15921	1080	CFTR	HP:0011947	Respiratory tract infection
15922	1080	CFTR	HP:0011949	Acute infectious pneumonia
15923	1080	CFTR	HP:0001047	Atopic dermatitis
15924	1080	CFTR	HP:0200035	Skin plaque
15925	1080	CFTR	HP:0025080	Orthokeratotic hyperkeratosis
15926	1080	CFTR	HP:0001977	Abnormal thrombosis
15927	1080	CFTR	HP:0001974	Leukocytosis
15928	1080	CFTR	HP:0001944	Dehydration
15929	1080	CFTR	HP:0001945	Fever
15930	1080	CFTR	HP:0004326	Cachexia
15931	1080	CFTR	HP:0100027	Recurrent pancreatitis
15932	1080	CFTR	HP:0000739	Anxiety
15933	1080	CFTR	HP:0000716	Depression
15934	1080	CFTR	HP:0011463	Childhood onset
15935	1080	CFTR	HP:0000798	Oligospermia
15936	1080	CFTR	HP:0000787	Nephrolithiasis
15937	1080	CFTR	HP:0004401	Meconium ileus
15938	1080	CFTR	HP:0004469	Chronic bronchitis
15939	1080	CFTR	HP:0000837	Increased circulating gonadotropin level
15940	1080	CFTR	HP:0000819	Diabetes mellitus
15941	1080	CFTR	HP:0012873	Absent vas deferens
15942	1080	CFTR	HP:0030877	Reduced FEV1/FVC ratio
15943	1080	CFTR	HP:0045082	Decreased body mass index
15944	1080	CFTR	HP:0030828	Wheezing
15945	1080	CFTR	HP:0030830	Crackles
15946	1080	CFTR	HP:0003251	Male infertility
15947	1080	CFTR	HP:0000982	Palmoplantar keratoderma
15948	1080	CFTR	HP:0000952	Jaundice
15949	1080	CFTR	HP:0000969	Edema
15950	1080	CFTR	HP:0000939	Osteoporosis
15951	1080	CFTR	HP:0000938	Osteopenia
15952	1080	CFTR	HP:0012236	Elevated sweat chloride
15953	1080	CFTR	HP:0000246	Sinusitis
15954	1080	CFTR	HP:0012210	Abnormal renal morphology
15955	1080	CFTR	HP:0001508	Failure to thrive
15956	1080	CFTR	HP:0002842	Recurrent Burkholderia cepacia infections
15957	1080	CFTR	HP:0012379	Abnormal circulating enzyme concentration or activity
15958	1080	CFTR	HP:0005213	Pancreatic calcification
15959	1080	CFTR	HP:0005206	Pancreatic pseudocyst
15960	1080	CFTR	HP:0006538	Recurrent bronchopulmonary infections
15961	1080	CFTR	HP:0006528	Chronic lung disease
15962	1080	CFTR	HP:0006532	Recurrent pneumonia
15963	1080	CFTR	HP:0006536	Airway obstruction
15964	1080	CFTR	HP:0002910	Elevated hepatic transaminase
15965	1080	CFTR	HP:0000365	Hearing impairment
15966	1080	CFTR	HP:0001648	Cor pulmonale
15967	1080	CFTR	HP:0001658	Myocardial infarction
15968	1080	CFTR	HP:0005376	Recurrent Haemophilus influenzae infections
15969	1080	CFTR	HP:0001738	Exocrine pancreatic insufficiency
15970	1080	CFTR	HP:0001733	Pancreatitis
15971	1080	CFTR	HP:0030247	Splanchnic vein thrombosis
15972	1080	CFTR	HP:0011109	Chronic sinusitis
15973	1080	CFTR	HP:0005425	Recurrent sinopulmonary infections
15974	1080	CFTR	HP:0011227	Elevated circulating C-reactive protein concentration
23947	1528	CYB5A	HP:0025118	Lip discoloration
23948	1528	CYB5A	HP:0002451	Limb dystonia
23949	1528	CYB5A	HP:0010864	Intellectual disability, severe
23950	1528	CYB5A	HP:0001276	Hypertonia
23951	1528	CYB5A	HP:0001272	Cerebellar atrophy
23952	1528	CYB5A	HP:0001250	Seizure
23953	1528	CYB5A	HP:0001263	Global developmental delay
23954	1528	CYB5A	HP:0001257	Spasticity
23955	1528	CYB5A	HP:0008726	Hypoplasia of the vagina
23956	1528	CYB5A	HP:0008730	Female external genitalia in individual with 46,XY karyotype
23957	1528	CYB5A	HP:0008734	Decreased testicular size
23958	1528	CYB5A	HP:0008675	Enlarged polycystic ovaries
23959	1528	CYB5A	HP:0002510	Spastic tetraplegia
23960	1528	CYB5A	HP:0000062	Ambiguous genitalia
23961	1528	CYB5A	HP:0012041	Decreased fertility in males
23962	1528	CYB5A	HP:0000037	Male pseudohermaphroditism
23963	1528	CYB5A	HP:0000054	Micropenis
23964	1528	CYB5A	HP:0000048	Bifid scrotum
23965	1528	CYB5A	HP:0000047	Hypospadias
23966	1528	CYB5A	HP:0000033	Ambiguous genitalia, male
23967	1528	CYB5A	HP:0000028	Cryptorchidism
23968	1528	CYB5A	HP:0000013	Hypoplasia of the uterus
23969	1528	CYB5A	HP:0000007	Autosomal recessive inheritance
23970	1528	CYB5A	HP:0000144	Decreased fertility
23971	1528	CYB5A	HP:0012119	Methemoglobinemia
23972	1528	CYB5A	HP:0000147	Polycystic ovaries
23973	1528	CYB5A	HP:0012112	Abnormal circulating corticosterone level
23974	1528	CYB5A	HP:0031215	Decreased circulating dehydroepiandrosterone-sulfate concentration
23975	1528	CYB5A	HP:0002750	Delayed skeletal maturation
23976	1528	CYB5A	HP:0008193	Primary gonadal insufficiency
23977	1528	CYB5A	HP:0008187	Absence of secondary sex characteristics
23978	1528	CYB5A	HP:0008232	Elevated circulating follicle stimulating hormone level
23979	1528	CYB5A	HP:0008214	Decreased serum estradiol
23980	1528	CYB5A	HP:0003577	Congenital onset
23981	1528	CYB5A	HP:0002215	Sparse axillary hair
23982	1528	CYB5A	HP:0002231	Sparse body hair
23983	1528	CYB5A	HP:0002225	Sparse pubic hair
23984	1528	CYB5A	HP:0002283	Global brain atrophy
23985	1528	CYB5A	HP:0011969	Elevated circulating luteinizing hormone level
23986	1528	CYB5A	HP:0100607	Dysmenorrhea
23987	1528	CYB5A	HP:0007112	Temporal cortical atrophy
23988	1528	CYB5A	HP:0002305	Athetosis
23989	1528	CYB5A	HP:0006808	Cerebral hypomyelination
23990	1528	CYB5A	HP:0012697	Small basal ganglia
23991	1528	CYB5A	HP:0011344	Severe global developmental delay
23992	1528	CYB5A	HP:0004322	Short stature
23993	1528	CYB5A	HP:0006913	Frontal cortical atrophy
23994	1528	CYB5A	HP:0004349	Reduced bone mineral density
23995	1528	CYB5A	HP:0000771	Gynecomastia
23996	1528	CYB5A	HP:0000707	Abnormality of the nervous system
23997	1528	CYB5A	HP:0000786	Primary amenorrhea
23998	1528	CYB5A	HP:0012853	Scrotal hypospadias
23999	1528	CYB5A	HP:0000868	Decreased fertility in females
24000	1528	CYB5A	HP:0000815	Hypergonadotropic hypogonadism
24001	1528	CYB5A	HP:0000823	Delayed puberty
24002	1528	CYB5A	HP:0000961	Cyanosis
24003	1528	CYB5A	HP:0000939	Osteoporosis
24004	1528	CYB5A	HP:0040171	Decreased serum testosterone concentration
24005	1528	CYB5A	HP:0001597	Abnormality of the nail
24006	1528	CYB5A	HP:0012244	Abnormal sex determination
24007	1528	CYB5A	HP:0000252	Microcephaly
24008	1528	CYB5A	HP:0002875	Exertional dyspnea
24009	1528	CYB5A	HP:0001508	Failure to thrive
24010	1528	CYB5A	HP:0001518	Small for gestational age
24011	1528	CYB5A	HP:0012448	Delayed myelination
24012	1528	CYB5A	HP:0030349	Decreased circulating androgen concentration
24013	1528	CYB5A	HP:0000592	Blue sclerae
24014	1528	CYB5A	HP:0000565	Esotropia
44302	2717	GLA	HP:0001155	Abnormality of the hand
44303	2717	GLA	HP:0001131	Corneal dystrophy
44304	2717	GLA	HP:0033595	Elevated circulating globotriaosylceramide concentration
44305	2717	GLA	HP:0100820	Glomerulopathy
44306	2717	GLA	HP:0001250	Seizure
44307	2717	GLA	HP:0002571	Achalasia
44308	2717	GLA	HP:0000083	Renal insufficiency
44309	2717	GLA	HP:0000091	Abnormal renal tubule morphology
44310	2717	GLA	HP:0000093	Proteinuria
44311	2717	GLA	HP:0001369	Arthritis
44312	2717	GLA	HP:0000179	Thick lower lip vermilion
44313	2717	GLA	HP:0001482	Subcutaneous nodule
44314	2717	GLA	HP:0000100	Nephrotic syndrome
44315	2717	GLA	HP:0000112	Nephropathy
44316	2717	GLA	HP:0032567	Lipiduria
44317	2717	GLA	HP:0032568	Urinary mulberry cells
44318	2717	GLA	HP:0001419	X-linked recessive inheritance
44319	2717	GLA	HP:0002024	Malabsorption
44320	2717	GLA	HP:0002018	Nausea
44321	2717	GLA	HP:0002017	Nausea and vomiting
44322	2717	GLA	HP:0002027	Abdominal pain
44323	2717	GLA	HP:0003326	Myalgia
44324	2717	GLA	HP:0002014	Diarrhea
44325	2717	GLA	HP:0002013	Vomiting
44326	2717	GLA	HP:0100543	Cognitive impairment
44327	2717	GLA	HP:0002097	Emphysema
44328	2717	GLA	HP:0002094	Dyspnea
44329	2717	GLA	HP:0002093	Respiratory insufficiency
44330	2717	GLA	HP:0003394	Muscle spasm
44331	2717	GLA	HP:0002039	Anorexia
44332	2717	GLA	HP:0100585	Telangiectasia of the skin
44333	2717	GLA	HP:0100579	Mucosal telangiectasiae
44334	2717	GLA	HP:0011710	Bundle branch block
44335	2717	GLA	HP:0003401	Paresthesia
44336	2717	GLA	HP:0002380	Fasciculations
44337	2717	GLA	HP:0002376	Developmental regression
44338	2717	GLA	HP:0001014	Angiokeratoma
44339	2717	GLA	HP:0001004	Lymphedema
44340	2717	GLA	HP:0002321	Vertigo
44341	2717	GLA	HP:0002326	Transient ischemic attack
44342	2717	GLA	HP:0001071	Angiokeratoma corporis diffusum
44343	2717	GLA	HP:0003621	Juvenile onset
44344	2717	GLA	HP:0000648	Optic atrophy
44345	2717	GLA	HP:0001945	Fever
44346	2717	GLA	HP:0001903	Anemia
44347	2717	GLA	HP:0004322	Short stature
44348	2717	GLA	HP:0004306	Abnormal endocardium morphology
44349	2717	GLA	HP:0003077	Hyperlipidemia
44350	2717	GLA	HP:0004349	Reduced bone mineral density
44351	2717	GLA	HP:0000739	Anxiety
44352	2717	GLA	HP:0012702	Tenesmus
44353	2717	GLA	HP:0000716	Depression
44354	2717	GLA	HP:0000708	Atypical behavior
44355	2717	GLA	HP:0000790	Hematuria
44356	2717	GLA	HP:0003119	Abnormal circulating lipid concentration
44357	2717	GLA	HP:0000873	Diabetes insipidus
44358	2717	GLA	HP:0000822	Hypertension
44359	2717	GLA	HP:0000823	Delayed puberty
44360	2717	GLA	HP:0000966	Hypohidrosis
44361	2717	GLA	HP:0000962	Hyperkeratosis
44362	2717	GLA	HP:0011675	Arrhythmia
44363	2717	GLA	HP:0000280	Coarse facial features
44364	2717	GLA	HP:0005144	Ventricular septal hypertrophy
44365	2717	GLA	HP:0002829	Arthralgia
44366	2717	GLA	HP:0002823	Abnormality of femur morphology
44367	2717	GLA	HP:0006510	Chronic pulmonary obstruction
44368	2717	GLA	HP:0012378	Fatigue
44369	2717	GLA	HP:0006536	Airway obstruction
44370	2717	GLA	HP:0000365	Hearing impairment
44371	2717	GLA	HP:0012332	Abnormal autonomic nervous system physiology
44372	2717	GLA	HP:0001681	Angina pectoris
44373	2717	GLA	HP:0001678	Atrioventricular block
44374	2717	GLA	HP:0001646	Abnormal aortic valve morphology
44375	2717	GLA	HP:0001658	Myocardial infarction
44376	2717	GLA	HP:0001653	Mitral regurgitation
44377	2717	GLA	HP:0001639	Hypertrophic cardiomyopathy
44378	2717	GLA	HP:0001635	Congestive heart failure
44379	2717	GLA	HP:0001637	Abnormal myocardium morphology
44380	2717	GLA	HP:0007957	Corneal opacity
44381	2717	GLA	HP:0000407	Sensorineural hearing impairment
44382	2717	GLA	HP:0001712	Left ventricular hypertrophy
44383	2717	GLA	HP:0000518	Cataract
44384	2717	GLA	HP:0000524	Conjunctival telangiectasia
52386	3265	HRAS	HP:0001187	Hyperextensibility of the finger joints
52387	3265	HRAS	HP:0001156	Brachydactyly
52388	3265	HRAS	HP:0001167	Abnormal finger morphology
52389	3265	HRAS	HP:0100963	Hyperesthesia
52390	3265	HRAS	HP:0009917	Persistent pupillary membrane
52391	3265	HRAS	HP:0002414	Spina bifida
52392	3265	HRAS	HP:0003745	Sporadic
52393	3265	HRAS	HP:0001100	Heterochromia iridis
52394	3265	HRAS	HP:0003764	Nevus
52395	3265	HRAS	HP:0100814	Blue nevus
52396	3265	HRAS	HP:0001269	Hemiparesis
52397	3265	HRAS	HP:0001250	Seizure
52398	3265	HRAS	HP:0001252	Hypotonia
52399	3265	HRAS	HP:0001249	Intellectual disability
52400	3265	HRAS	HP:0001263	Global developmental delay
52401	3265	HRAS	HP:0001231	Abnormal fingernail morphology
52402	3265	HRAS	HP:0007440	Generalized hyperpigmentation
52403	3265	HRAS	HP:0007400	Irregular hyperpigmentation
52404	3265	HRAS	HP:0007370	Aplasia/Hypoplasia of the corpus callosum
52405	3265	HRAS	HP:0007360	Aplasia/Hypoplasia of the cerebellum
52406	3265	HRAS	HP:0002514	Cerebral calcification
52407	3265	HRAS	HP:0000083	Renal insufficiency
52408	3265	HRAS	HP:0000085	Horseshoe kidney
52409	3265	HRAS	HP:0012056	Cutaneous melanoma
52410	3265	HRAS	HP:0001347	Hyperreflexia
52411	3265	HRAS	HP:0001357	Plagiocephaly
52412	3265	HRAS	HP:0000028	Cryptorchidism
52413	3265	HRAS	HP:0008872	Feeding difficulties in infancy
52414	3265	HRAS	HP:0007534	Congenital posterior occipital alopecia
52415	3265	HRAS	HP:0012081	Enlarged cerebellum
52416	3265	HRAS	HP:0006191	Deep palmar crease
52417	3265	HRAS	HP:0007477	Abnormal dermatoglyphics
52418	3265	HRAS	HP:0002671	Basal cell carcinoma
52419	3265	HRAS	HP:0002667	Nephroblastoma
52420	3265	HRAS	HP:0000006	Autosomal dominant inheritance
52421	3265	HRAS	HP:0002666	Pheochromocytoma
52422	3265	HRAS	HP:0001305	Dandy-Walker malformation
52423	3265	HRAS	HP:0002650	Scoliosis
52424	3265	HRAS	HP:0001315	Reduced tendon reflexes
52425	3265	HRAS	HP:0000189	Narrow palate
52426	3265	HRAS	HP:0000179	Thick lower lip vermilion
52427	3265	HRAS	HP:0000194	Open mouth
52428	3265	HRAS	HP:0000164	Abnormality of the dentition
52429	3265	HRAS	HP:0000158	Macroglossia
52430	3265	HRAS	HP:0006304	Widely-spaced incisors
52431	3265	HRAS	HP:0002780	Bronchomalacia
52432	3265	HRAS	HP:0002779	Tracheomalacia
52433	3265	HRAS	HP:0002757	Recurrent fractures
52434	3265	HRAS	HP:0001428	Somatic mutation
52435	3265	HRAS	HP:0001442	Somatic mosaicism
52436	3265	HRAS	HP:0002751	Kyphoscoliosis
52437	3265	HRAS	HP:0002750	Delayed skeletal maturation
52438	3265	HRAS	HP:0002021	Pyloric stenosis
52439	3265	HRAS	HP:0002020	Gastroesophageal reflux
52440	3265	HRAS	HP:0002033	Poor suck
52441	3265	HRAS	HP:0004690	Thickened Achilles tendon
52442	3265	HRAS	HP:0002002	Deep philtrum
52443	3265	HRAS	HP:0005989	Redundant neck skin
52444	3265	HRAS	HP:0002007	Frontal bossing
52445	3265	HRAS	HP:0002093	Respiratory insufficiency
52446	3265	HRAS	HP:0100556	Hemiatrophy
52447	3265	HRAS	HP:0100555	Asymmetric growth
52448	3265	HRAS	HP:0002059	Cerebral atrophy
52449	3265	HRAS	HP:0009465	Ulnar deviation of finger
52450	3265	HRAS	HP:0002120	Cerebral cortical atrophy
52451	3265	HRAS	HP:0002119	Ventriculomegaly
52452	3265	HRAS	HP:0002132	Porencephalic cyst
52453	3265	HRAS	HP:0002107	Pneumothorax
52454	3265	HRAS	HP:0003422	Vertebral segmentation defect
52455	3265	HRAS	HP:0009588	Vestibular schwannoma
52456	3265	HRAS	HP:0003577	Congenital onset
52457	3265	HRAS	HP:0100702	Arachnoid cyst
52458	3265	HRAS	HP:0002224	Woolly hair
52459	3265	HRAS	HP:0002232	Patchy alopecia
52460	3265	HRAS	HP:0002212	Curly hair
52461	3265	HRAS	HP:0002213	Fine hair
52462	3265	HRAS	HP:0009748	Large earlobe
52463	3265	HRAS	HP:0009720	Adenoma sebaceum
52464	3265	HRAS	HP:0009725	Bladder neoplasm
52465	3265	HRAS	HP:0100729	Large face
52466	3265	HRAS	HP:0007099	Chiari type I malformation
52467	3265	HRAS	HP:0001054	Numerous nevi
52468	3265	HRAS	HP:0001048	Cavernous hemangioma
52469	3265	HRAS	HP:0001028	Hemangioma
52470	3265	HRAS	HP:0001010	Hypopigmentation of the skin
52471	3265	HRAS	HP:0001004	Lymphedema
52472	3265	HRAS	HP:0002353	EEG abnormality
52473	3265	HRAS	HP:0007206	Hemimegalencephaly
52474	3265	HRAS	HP:0010815	Nevus sebaceous
52475	3265	HRAS	HP:0010817	Linear nevus sebaceous
52476	3265	HRAS	HP:0100679	Lack of skin elasticity
52477	3265	HRAS	HP:0010759	Prominence of the premaxilla
52478	3265	HRAS	HP:0004912	Hypophosphatemic rickets
52479	3265	HRAS	HP:0031842	Lymphangiectasis
52480	3265	HRAS	HP:0000612	Iris coloboma
52481	3265	HRAS	HP:0001943	Hypoglycemia
52482	3265	HRAS	HP:0000629	Periorbital fullness
52483	3265	HRAS	HP:0000602	Ophthalmoplegia
52484	3265	HRAS	HP:0011387	Enlarged vestibular aqueduct
52485	3265	HRAS	HP:0011365	Patchy hypopigmentation of hair
52486	3265	HRAS	HP:0000682	Abnormal dental enamel morphology
52487	3265	HRAS	HP:0004322	Short stature
52488	3265	HRAS	HP:0005600	Congenital giant melanocytic nevus
52489	3265	HRAS	HP:0005692	Joint hyperflexibility
52490	3265	HRAS	HP:0012740	Papilloma
52491	3265	HRAS	HP:0000768	Pectus carinatum
52492	3265	HRAS	HP:0012758	Neurodevelopmental delay
52493	3265	HRAS	HP:0003109	Hyperphosphaturia
52494	3265	HRAS	HP:0004422	Biparietal narrowing
52495	3265	HRAS	HP:0003196	Short nose
52496	3265	HRAS	HP:0000826	Precocious puberty
52497	3265	HRAS	HP:0030880	Raynaud phenomenon
52498	3265	HRAS	HP:0000995	Melanocytic nevus
52499	3265	HRAS	HP:0000975	Hyperhidrosis
52500	3265	HRAS	HP:0000953	Hyperpigmentation of the skin
52501	3265	HRAS	HP:0000956	Acanthosis nigricans
52502	3265	HRAS	HP:0000951	Abnormality of the skin
52503	3265	HRAS	HP:0000962	Hyperkeratosis
52504	3265	HRAS	HP:0000938	Osteopenia
52505	3265	HRAS	HP:0040149	Woolly scalp hair
52506	3265	HRAS	HP:0008070	Sparse hair
52507	3265	HRAS	HP:0008064	Ichthyosis
52508	3265	HRAS	HP:0011675	Arrhythmia
52509	3265	HRAS	HP:0040198	Non-medullary thyroid carcinoma
52510	3265	HRAS	HP:0000286	Epicanthus
52511	3265	HRAS	HP:0000280	Coarse facial features
52512	3265	HRAS	HP:0000293	Full cheeks
52513	3265	HRAS	HP:0001595	Abnormal hair morphology
52514	3265	HRAS	HP:0001596	Alopecia
52515	3265	HRAS	HP:0000260	Wide anterior fontanel
52516	3265	HRAS	HP:0000256	Macrocephaly
52517	3265	HRAS	HP:0000267	Cranial asymmetry
52518	3265	HRAS	HP:0001598	Concave nail
52519	3265	HRAS	HP:0000269	Prominent occiput
52520	3265	HRAS	HP:0002816	Genu recurvatum
52521	3265	HRAS	HP:0000238	Hydrocephalus
52522	3265	HRAS	HP:0001582	Redundant skin
52523	3265	HRAS	HP:0001552	Barrel-shaped chest
52524	3265	HRAS	HP:0001548	Overgrowth
52525	3265	HRAS	HP:0002878	Respiratory failure
52526	3265	HRAS	HP:0000218	High palate
52527	3265	HRAS	HP:0002895	Papillary thyroid carcinoma
52528	3265	HRAS	HP:0001561	Polyhydramnios
52529	3265	HRAS	HP:0000232	Everted lower lip vermilion
52530	3265	HRAS	HP:0025510	Nevus spilus
52531	3265	HRAS	HP:0002862	Bladder carcinoma
52532	3265	HRAS	HP:0001531	Failure to thrive in infancy
52533	3265	HRAS	HP:0002859	Rhabdomyosarcoma
52534	3265	HRAS	HP:0001528	Hemihypertrophy
52535	3265	HRAS	HP:0002870	Obstructive sleep apnea
52536	3265	HRAS	HP:0001508	Failure to thrive
52537	3265	HRAS	HP:0001510	Growth delay
52538	3265	HRAS	HP:0011073	Abnormality of dental color
52539	3265	HRAS	HP:0001609	Hoarse voice
52540	3265	HRAS	HP:0006482	Abnormality of dental morphology
52541	3265	HRAS	HP:0000358	Posteriorly rotated ears
52542	3265	HRAS	HP:0000369	Low-set ears
52543	3265	HRAS	HP:0001699	Sudden death
52544	3265	HRAS	HP:0000368	Low-set, posteriorly rotated ears
52545	3265	HRAS	HP:0000343	Long philtrum
52546	3265	HRAS	HP:0000337	Broad forehead
52547	3265	HRAS	HP:0002996	Limited elbow movement
52548	3265	HRAS	HP:0001680	Coarctation of aorta
52549	3265	HRAS	HP:0000347	Micrognathia
52550	3265	HRAS	HP:0000316	Hypertelorism
52551	3265	HRAS	HP:0000311	Round face
52552	3265	HRAS	HP:0001642	Pulmonic stenosis
52553	3265	HRAS	HP:0000324	Facial asymmetry
52554	3265	HRAS	HP:0001629	Ventricular septal defect
52555	3265	HRAS	HP:0001622	Premature birth
52556	3265	HRAS	HP:0001639	Hypertrophic cardiomyopathy
52557	3265	HRAS	HP:0000307	Pointed chin
52558	3265	HRAS	HP:0001631	Atrial septal defect
52559	3265	HRAS	HP:0001634	Mitral valve prolapse
52560	3265	HRAS	HP:0007957	Corneal opacity
52561	3265	HRAS	HP:0005280	Depressed nasal bridge
52562	3265	HRAS	HP:0000486	Strabismus
52563	3265	HRAS	HP:0000478	Abnormality of the eye
52564	3265	HRAS	HP:0000494	Downslanted palpebral fissures
52565	3265	HRAS	HP:0000463	Anteverted nares
52566	3265	HRAS	HP:0000455	Broad nasal tip
52567	3265	HRAS	HP:0000474	Thickened nuchal skin fold
52568	3265	HRAS	HP:0000470	Short neck
52569	3265	HRAS	HP:0000465	Webbed neck
52570	3265	HRAS	HP:0001771	Achilles tendon contracture
52571	3265	HRAS	HP:0001780	Abnormal toe morphology
52572	3265	HRAS	HP:0000418	Narrow nasal ridge
52573	3265	HRAS	HP:0001762	Talipes equinovarus
52574	3265	HRAS	HP:0006740	Transitional cell carcinoma of the bladder
52575	3265	HRAS	HP:0006731	Follicular thyroid carcinoma
52576	3265	HRAS	HP:0030409	Renal transitional cell carcinoma
52577	3265	HRAS	HP:0000506	Telecanthus
52578	3265	HRAS	HP:0000508	Ptosis
52579	3265	HRAS	HP:0000504	Abnormality of vision
52580	3265	HRAS	HP:0000501	Glaucoma
52581	3265	HRAS	HP:0001808	Fragile nails
52582	3265	HRAS	HP:0001800	Hypoplastic toenails
52583	3265	HRAS	HP:0001816	Thin nail
52584	3265	HRAS	HP:0001814	Deep-set nails
52585	3265	HRAS	HP:0012583	Unilateral renal hypoplasia
52586	3265	HRAS	HP:0000589	Coloboma
52587	3265	HRAS	HP:0000563	Keratoconus
52588	3265	HRAS	HP:0011220	Prominent forehead
52589	3265	HRAS	HP:0000568	Microphthalmia
52590	3265	HRAS	HP:0001869	Deep plantar creases
69857	4538	MT-ND4	HP:0002483	Bulbar signs
69858	4538	MT-ND4	HP:0002490	Increased CSF lactate
69859	4538	MT-ND4	HP:0001138	Optic neuropathy
69860	4538	MT-ND4	HP:0001112	Leber optic atrophy
69861	4538	MT-ND4	HP:0007327	Mixed demyelinating and axonal polyneuropathy
69862	4538	MT-ND4	HP:0007302	Bipolar affective disorder
69863	4538	MT-ND4	HP:0003737	Mitochondrial myopathy
69864	4538	MT-ND4	HP:0002401	Stroke-like episode
69865	4538	MT-ND4	HP:0001298	Encephalopathy
69866	4538	MT-ND4	HP:0025268	Stuttering
69867	4538	MT-ND4	HP:0001276	Hypertonia
69868	4538	MT-ND4	HP:0001271	Polyneuropathy
69869	4538	MT-ND4	HP:0001274	Agenesis of corpus callosum
69870	4538	MT-ND4	HP:0001270	Motor delay
69871	4538	MT-ND4	HP:0001269	Hemiparesis
69872	4538	MT-ND4	HP:0001288	Gait disturbance
69873	4538	MT-ND4	HP:0001250	Seizure
69874	4538	MT-ND4	HP:0001251	Ataxia
69875	4538	MT-ND4	HP:0002579	Gastrointestinal dysmotility
69876	4538	MT-ND4	HP:0001265	Hyporeflexia
69877	4538	MT-ND4	HP:0001263	Global developmental delay
69878	4538	MT-ND4	HP:0001257	Spasticity
69879	4538	MT-ND4	HP:0002572	Episodic vomiting
69880	4538	MT-ND4	HP:0007359	Focal-onset seizure
69881	4538	MT-ND4	HP:0003829	Typified by incomplete penetrance
69882	4538	MT-ND4	HP:0000097	Focal segmental glomerulosclerosis
69883	4538	MT-ND4	HP:0000091	Abnormal renal tubule morphology
69884	4538	MT-ND4	HP:0000093	Proteinuria
69885	4538	MT-ND4	HP:0001399	Hepatic failure
69886	4538	MT-ND4	HP:0000044	Hypogonadotropic hypogonadism
69887	4538	MT-ND4	HP:0001345	Psychotic mentation
69888	4538	MT-ND4	HP:0001347	Hyperreflexia
69889	4538	MT-ND4	HP:0001332	Dystonia
69890	4538	MT-ND4	HP:0001328	Specific learning disability
69891	4538	MT-ND4	HP:0001324	Muscle weakness
69892	4538	MT-ND4	HP:0001336	Myoclonus
69893	4538	MT-ND4	HP:0008947	Infantile muscular hypotonia
69894	4538	MT-ND4	HP:0000114	Proximal tubulopathy
69895	4538	MT-ND4	HP:0001427	Mitochondrial inheritance
69896	4538	MT-ND4	HP:0000112	Nephropathy
69897	4538	MT-ND4	HP:0002019	Constipation
69898	4538	MT-ND4	HP:0003348	Hyperalaninemia
69899	4538	MT-ND4	HP:0002014	Diarrhea
69900	4538	MT-ND4	HP:0002015	Dysphagia
69901	4538	MT-ND4	HP:0002013	Vomiting
69902	4538	MT-ND4	HP:0005978	Type II diabetes mellitus
69903	4538	MT-ND4	HP:0002094	Dyspnea
69904	4538	MT-ND4	HP:0002092	Pulmonary arterial hypertension
69905	4538	MT-ND4	HP:0002069	Bilateral tonic-clonic seizure
69906	4538	MT-ND4	HP:0002066	Gait ataxia
69907	4538	MT-ND4	HP:0002079	Hypoplasia of the corpus callosum
69908	4538	MT-ND4	HP:0002076	Migraine
69909	4538	MT-ND4	HP:0002072	Chorea
69910	4538	MT-ND4	HP:0002045	Hypothermia
69911	4538	MT-ND4	HP:0003477	Peripheral axonal neuropathy
69912	4538	MT-ND4	HP:0002151	Increased serum lactate
69913	4538	MT-ND4	HP:0003481	Segmental peripheral demyelination/remyelination
69914	4538	MT-ND4	HP:0002123	Generalized myoclonic seizure
69915	4538	MT-ND4	HP:0002120	Cerebral cortical atrophy
69916	4538	MT-ND4	HP:0002135	Basal ganglia calcification
69917	4538	MT-ND4	HP:0002104	Apnea
69918	4538	MT-ND4	HP:0002174	Postural tremor
69919	4538	MT-ND4	HP:0003572	Low plasma citrulline
69920	4538	MT-ND4	HP:0002240	Hepatomegaly
69921	4538	MT-ND4	HP:0004885	Episodic respiratory distress
69922	4538	MT-ND4	HP:0003546	Exercise intolerance
69923	4538	MT-ND4	HP:0200125	Mitochondrial respiratory chain defects
69924	4538	MT-ND4	HP:0008316	Abnormal mitochondria in muscle tissue
69925	4538	MT-ND4	HP:0007067	Distal peripheral sensory neuropathy
69926	4538	MT-ND4	HP:0002381	Aphasia
69927	4538	MT-ND4	HP:0001045	Vitiligo
69928	4538	MT-ND4	HP:0002376	Developmental regression
69929	4538	MT-ND4	HP:0002353	EEG abnormality
69930	4538	MT-ND4	HP:0002354	Memory impairment
69931	4538	MT-ND4	HP:0003648	Lacticaciduria
69932	4538	MT-ND4	HP:0002331	Recurrent paroxysmal headache
69933	4538	MT-ND4	HP:0100651	Type I diabetes mellitus
69934	4538	MT-ND4	HP:0100660	Dyskinesia
69935	4538	MT-ND4	HP:0009830	Peripheral neuropathy
69936	4538	MT-ND4	HP:0100611	Multiple glomerular cysts
69937	4538	MT-ND4	HP:0010794	Impaired visuospatial constructive cognition
69938	4538	MT-ND4	HP:0007159	Fluctuations in consciousness
69939	4538	MT-ND4	HP:0010783	Erythema
69940	4538	MT-ND4	HP:0007141	Sensorimotor neuropathy
69941	4538	MT-ND4	HP:0007108	Demyelinating peripheral neuropathy
69942	4538	MT-ND4	HP:0007183	Focal T2 hyperintense basal ganglia lesion
69943	4538	MT-ND4	HP:0000639	Nystagmus
69944	4538	MT-ND4	HP:0000648	Optic atrophy
69945	4538	MT-ND4	HP:0001945	Fever
69946	4538	MT-ND4	HP:0000622	Blurred vision
69947	4538	MT-ND4	HP:0000603	Central scotoma
69948	4538	MT-ND4	HP:0001903	Anemia
69949	4538	MT-ND4	HP:0011344	Severe global developmental delay
69950	4538	MT-ND4	HP:0004322	Short stature
69951	4538	MT-ND4	HP:0004309	Ventricular preexcitation
69952	4538	MT-ND4	HP:0004389	Intestinal pseudo-obstruction
69953	4538	MT-ND4	HP:0004372	Reduced consciousness/confusion
69954	4538	MT-ND4	HP:0000751	Personality changes
69955	4538	MT-ND4	HP:0100027	Recurrent pancreatitis
69956	4538	MT-ND4	HP:0000739	Anxiety
69957	4538	MT-ND4	HP:0000736	Short attention span
69958	4538	MT-ND4	HP:0012707	Elevated brain lactate level by MRS
69959	4538	MT-ND4	HP:0000716	Depression
69960	4538	MT-ND4	HP:0000726	Dementia
69961	4538	MT-ND4	HP:0000709	Psychosis
69962	4538	MT-ND4	HP:0012766	Widened cerebral subarachnoid space
69963	4538	MT-ND4	HP:0011442	Abnormal central motor function
69964	4538	MT-ND4	HP:0003198	Myopathy
69965	4538	MT-ND4	HP:0003128	Lactic acidosis
69966	4538	MT-ND4	HP:0012841	Retinal vascular tortuosity
69967	4538	MT-ND4	HP:0000819	Diabetes mellitus
69968	4538	MT-ND4	HP:0000816	Abnormality of Krebs cycle metabolism
69969	4538	MT-ND4	HP:0000829	Hypoparathyroidism
69970	4538	MT-ND4	HP:0000821	Hypothyroidism
69971	4538	MT-ND4	HP:0003200	Ragged-red muscle fibers
69972	4538	MT-ND4	HP:0000998	Hypertrichosis
69973	4538	MT-ND4	HP:0011675	Arrhythmia
69974	4538	MT-ND4	HP:0007763	Retinal telangiectasia
69975	4538	MT-ND4	HP:0007768	Central retinal vessel vascular tortuosity
69976	4538	MT-ND4	HP:0002883	Hyperventilation
69977	4538	MT-ND4	HP:0001508	Failure to thrive
69978	4538	MT-ND4	HP:0002922	Increased CSF protein concentration
69979	4538	MT-ND4	HP:0005157	Concentric hypertrophic cardiomyopathy
69980	4538	MT-ND4	HP:0031434	Abnormal prosody
69981	4538	MT-ND4	HP:0001644	Dilated cardiomyopathy
69982	4538	MT-ND4	HP:0001639	Hypertrophic cardiomyopathy
69983	4538	MT-ND4	HP:0001638	Cardiomyopathy
69984	4538	MT-ND4	HP:0007924	Slow decrease in visual acuity
69985	4538	MT-ND4	HP:0000407	Sensorineural hearing impairment
69986	4538	MT-ND4	HP:0001716	Wolff-Parkinson-White syndrome
69987	4538	MT-ND4	HP:0031546	Cardiac conduction abnormality
69988	4538	MT-ND4	HP:0012469	Infantile spasms
69989	4538	MT-ND4	HP:0012444	Brain atrophy
69990	4538	MT-ND4	HP:0012429	Aplasia/Hypoplasia of the cerebral white matter
69991	4538	MT-ND4	HP:0000510	Rod-cone dystrophy
69992	4538	MT-ND4	HP:0000597	Ophthalmoparesis
69993	4538	MT-ND4	HP:0000580	Pigmentary retinopathy
69994	4538	MT-ND4	HP:0000576	Centrocecal scotoma
69995	4538	MT-ND4	HP:0000590	Progressive external ophthalmoplegia
69996	4538	MT-ND4	HP:0000572	Visual loss
72889	4629	MYH11	HP:0001166	Arachnodactyly
72890	4629	MYH11	HP:0010956	Fetal megacystis
72891	4629	MYH11	HP:0033505	Livedo reticularis
72892	4629	MYH11	HP:0001297	Stroke
72893	4629	MYH11	HP:0100806	Sepsis
72894	4629	MYH11	HP:0002586	Peritonitis
72895	4629	MYH11	HP:0002580	Volvulus
72896	4629	MYH11	HP:0002578	Gastroparesis
72897	4629	MYH11	HP:0002566	Intestinal malrotation
72898	4629	MYH11	HP:0000098	Tall stature
72899	4629	MYH11	HP:0000072	Hydroureter
72900	4629	MYH11	HP:0000021	Megacystis
72901	4629	MYH11	HP:0002686	Prenatal maternal abnormality
72902	4629	MYH11	HP:0000023	Inguinal hernia
72903	4629	MYH11	HP:0000028	Cryptorchidism
72904	4629	MYH11	HP:0000007	Autosomal recessive inheritance
72905	4629	MYH11	HP:0000003	Multicystic kidney dysplasia
72906	4629	MYH11	HP:0000006	Autosomal dominant inheritance
72907	4629	MYH11	HP:0002650	Scoliosis
72908	4629	MYH11	HP:0002647	Aortic dissection
72909	4629	MYH11	HP:0002616	Aortic root aneurysm
72910	4629	MYH11	HP:0012180	Cystic medial necrosis
72911	4629	MYH11	HP:0012163	Carotid artery dilatation
72912	4629	MYH11	HP:0002705	High, narrow palate
72913	4629	MYH11	HP:0002780	Bronchomalacia
72914	4629	MYH11	HP:0002719	Recurrent infections
72915	4629	MYH11	HP:0002020	Gastroesophageal reflux
72916	4629	MYH11	HP:0002017	Nausea and vomiting
72917	4629	MYH11	HP:0002036	Hiatus hernia
72918	4629	MYH11	HP:0002035	Rectal prolapse
72919	4629	MYH11	HP:0030996	Megaduodenum
72920	4629	MYH11	HP:0002015	Dysphagia
72921	4629	MYH11	HP:0002089	Pulmonary hypoplasia
72922	4629	MYH11	HP:0100546	Carotid artery stenosis
72923	4629	MYH11	HP:0100544	Neoplasm of the heart
72924	4629	MYH11	HP:0002043	Esophageal stricture
72925	4629	MYH11	HP:0100519	Anuria
72926	4629	MYH11	HP:0033132	Renal cortical hyperechogenicity
72927	4629	MYH11	HP:0100580	Barrett esophagus
72928	4629	MYH11	HP:0033165	Necrotizing enterocolitis
72929	4629	MYH11	HP:0002140	Ischemic stroke
72930	4629	MYH11	HP:0002138	Subarachnoid hemorrhage
72931	4629	MYH11	HP:0002107	Pneumothorax
72932	4629	MYH11	HP:0002105	Hemoptysis
72933	4629	MYH11	HP:0003549	Abnormality of connective tissue
72934	4629	MYH11	HP:0004890	Elevated pulmonary artery pressure
72935	4629	MYH11	HP:0004887	Respiratory failure requiring assisted ventilation
72936	4629	MYH11	HP:0100771	Hypoperistalsis
72937	4629	MYH11	HP:0200146	Mucoid extracellular matrix accumulation
72938	4629	MYH11	HP:0100775	Dural ectasia
72939	4629	MYH11	HP:0100749	Chest pain
72940	4629	MYH11	HP:0002326	Transient ischemic attack
72941	4629	MYH11	HP:0100633	Esophagitis
72942	4629	MYH11	HP:0004959	Descending thoracic aorta aneurysm
72943	4629	MYH11	HP:0004970	Ascending tubular aorta aneurysm
72944	4629	MYH11	HP:0004933	Ascending aortic dissection
72945	4629	MYH11	HP:0004950	Peripheral arterial stenosis
72946	4629	MYH11	HP:0004944	Dilatation of the cerebral artery
72947	4629	MYH11	HP:0031857	Ineffective esophageal peristalsis
72948	4629	MYH11	HP:0030680	Abnormality of cardiovascular system morphology
72949	4629	MYH11	HP:0004389	Intestinal pseudo-obstruction
72950	4629	MYH11	HP:0004388	Microcolon
72951	4629	MYH11	HP:0004392	Prune belly
72952	4629	MYH11	HP:0000766	Abnormal sternum morphology
72953	4629	MYH11	HP:0012727	Thoracic aortic aneurysm
72954	4629	MYH11	HP:0011499	Mydriasis
72955	4629	MYH11	HP:0011461	Fetal onset
72956	4629	MYH11	HP:0012763	Paroxysmal dyspnea
72957	4629	MYH11	HP:0000822	Hypertension
72958	4629	MYH11	HP:0003270	Abdominal distention
72959	4629	MYH11	HP:0000978	Bruising susceptibility
72960	4629	MYH11	HP:0000965	Cutis marmorata
72961	4629	MYH11	HP:0008034	Abnormal iris pigmentation
72962	4629	MYH11	HP:0000278	Retrognathia
72963	4629	MYH11	HP:0005112	Abdominal aortic aneurysm
72964	4629	MYH11	HP:0002875	Exertional dyspnea
72965	4629	MYH11	HP:0001562	Oligohydramnios
72966	4629	MYH11	HP:0001561	Polyhydramnios
72967	4629	MYH11	HP:0001522	Death in infancy
72968	4629	MYH11	HP:0001537	Umbilical hernia
72969	4629	MYH11	HP:0001539	Omphalocele
72970	4629	MYH11	HP:0012383	Bidirectional shunt
72971	4629	MYH11	HP:0005214	Intestinal obstruction
72972	4629	MYH11	HP:0005162	Abnormal left ventricular function
72973	4629	MYH11	HP:0011024	Abnormality of the gastrointestinal tract
72974	4629	MYH11	HP:0012330	Pyelonephritis
72975	4629	MYH11	HP:0001677	Coronary artery atherosclerosis
72976	4629	MYH11	HP:0001647	Bicuspid aortic valve
72977	4629	MYH11	HP:0000316	Hypertelorism
72978	4629	MYH11	HP:0001643	Patent ductus arteriosus
72979	4629	MYH11	HP:0001659	Aortic regurgitation
72980	4629	MYH11	HP:0001640	Cardiomegaly
72981	4629	MYH11	HP:0012499	Descending aortic dissection
72982	4629	MYH11	HP:0012495	Posterior cerebral artery stenosis
72983	4629	MYH11	HP:0012493	Middle cerebral artery stenosis
72984	4629	MYH11	HP:0012494	Anterior cerebral artery stenosis
72985	4629	MYH11	HP:0000407	Sensorineural hearing impairment
72986	4629	MYH11	HP:0012450	Chronic constipation
72987	4629	MYH11	HP:0011102	Ileal atresia
72988	4629	MYH11	HP:0011106	Hypovolemia
72989	4629	MYH11	HP:0001763	Pes planus
72990	4629	MYH11	HP:0000525	Abnormality iris morphology
74415	4703	NEB	HP:0001188	Hand clenching
74416	4703	NEB	HP:0001181	Adducted thumb
74417	4703	NEB	HP:0002483	Bulbar signs
74418	4703	NEB	HP:0003798	Nemaline bodies
74419	4703	NEB	HP:0003722	Neck flexor weakness
74420	4703	NEB	HP:0003707	Calf muscle pseudohypertrophy
74421	4703	NEB	HP:0003701	Proximal muscle weakness
74422	4703	NEB	HP:0001290	Generalized hypotonia
74423	4703	NEB	HP:0001270	Motor delay
74424	4703	NEB	HP:0001288	Gait disturbance
74425	4703	NEB	HP:0001283	Bulbar palsy
74426	4703	NEB	HP:0001284	Areflexia
74427	4703	NEB	HP:0001265	Hyporeflexia
74428	4703	NEB	HP:0001260	Dysarthria
74429	4703	NEB	HP:0002540	Inability to walk
74430	4703	NEB	HP:0002515	Waddling gait
74431	4703	NEB	HP:0003805	Rimmed vacuoles
74432	4703	NEB	HP:0003803	Type 1 muscle fiber predominance
74433	4703	NEB	HP:0003819	Death in childhood
74434	4703	NEB	HP:0003811	Neonatal death
74435	4703	NEB	HP:0003810	Late-onset distal muscle weakness
74436	4703	NEB	HP:0001371	Flexion contracture
74437	4703	NEB	HP:0012036	Sternocleidomastoid amyotrophy
74438	4703	NEB	HP:0000054	Micropenis
74439	4703	NEB	HP:0000047	Hypospadias
74440	4703	NEB	HP:0001349	Facial diplegia
74441	4703	NEB	HP:0007514	Edema of the dorsum of hands
74442	4703	NEB	HP:0000007	Autosomal recessive inheritance
74443	4703	NEB	HP:0002650	Scoliosis
74444	4703	NEB	HP:0001319	Neonatal hypotonia
74445	4703	NEB	HP:0000160	Narrow mouth
74446	4703	NEB	HP:0000175	Cleft palate
74447	4703	NEB	HP:0002705	High, narrow palate
74448	4703	NEB	HP:0002792	Reduced vital capacity
74449	4703	NEB	HP:0002747	Respiratory insufficiency due to muscle weakness
74450	4703	NEB	HP:0003327	Axial muscle weakness
74451	4703	NEB	HP:0003325	Limb-girdle muscle weakness
74452	4703	NEB	HP:0002015	Dysphagia
74453	4703	NEB	HP:0003307	Hyperlordosis
74454	4703	NEB	HP:0003306	Spinal rigidity
74455	4703	NEB	HP:0003324	Generalized muscle weakness
74456	4703	NEB	HP:0002089	Pulmonary hypoplasia
74457	4703	NEB	HP:0002093	Respiratory insufficiency
74458	4703	NEB	HP:0002067	Bradykinesia
74459	4703	NEB	HP:0002068	Neuromuscular dysphagia
74460	4703	NEB	HP:0003393	Thenar muscle atrophy
74461	4703	NEB	HP:0003376	Steppage gait
74462	4703	NEB	HP:0002058	Myopathic facies
74463	4703	NEB	HP:0003388	Easy fatigability
74464	4703	NEB	HP:0008180	Mildly elevated creatine kinase
74465	4703	NEB	HP:0003458	EMG: myopathic abnormalities
74466	4703	NEB	HP:0003445	EMG: neuropathic changes
74467	4703	NEB	HP:0002104	Apnea
74468	4703	NEB	HP:0003593	Infantile onset
74469	4703	NEB	HP:0003555	Muscle fiber splitting
74470	4703	NEB	HP:0003552	Muscle stiffness
74471	4703	NEB	HP:0003546	Exercise intolerance
74472	4703	NEB	HP:0003557	Increased variability in muscle fiber diameter
74473	4703	NEB	HP:0007010	Poor fine motor coordination
74474	4703	NEB	HP:0011968	Feeding difficulties
74475	4703	NEB	HP:0010628	Facial palsy
74476	4703	NEB	HP:0003691	Scapular winging
74477	4703	NEB	HP:0003690	Limb muscle weakness
74478	4703	NEB	HP:0002359	Frequent falls
74479	4703	NEB	HP:0002375	Hypokinesia
74480	4703	NEB	HP:0002355	Difficulty walking
74481	4703	NEB	HP:0002312	Clumsiness
74482	4703	NEB	HP:0002304	Akinesia
74483	4703	NEB	HP:0006829	Severe muscular hypotonia
74484	4703	NEB	HP:0009073	Progressive proximal muscle weakness
74485	4703	NEB	HP:0009077	Weakness of long finger extensor muscles
74486	4703	NEB	HP:0000602	Ophthalmoplegia
74487	4703	NEB	HP:0009063	Progressive distal muscle weakness
74488	4703	NEB	HP:0009055	Generalized limb muscle atrophy
74489	4703	NEB	HP:0009058	Increased muscle lipid content
74490	4703	NEB	HP:0009025	Increased connective tissue
74491	4703	NEB	HP:0009027	Foot dorsiflexor weakness
74492	4703	NEB	HP:0009005	Weakness of the intrinsic hand muscles
74493	4703	NEB	HP:0001989	Fetal akinesia sequence
74494	4703	NEB	HP:0000767	Pectus excavatum
74495	4703	NEB	HP:0000765	Abnormal thorax morphology
74496	4703	NEB	HP:0000774	Narrow chest
74497	4703	NEB	HP:0000775	Abnormality of the diaphragm
74498	4703	NEB	HP:0003198	Myopathy
74499	4703	NEB	HP:0000883	Thin ribs
74500	4703	NEB	HP:0003236	Elevated circulating creatine kinase concentration
74501	4703	NEB	HP:0003202	Skeletal muscle atrophy
74502	4703	NEB	HP:0005855	Multiple prenatal fractures
74503	4703	NEB	HP:0000275	Narrow face
74504	4703	NEB	HP:0000276	Long face
74505	4703	NEB	HP:0006466	Ankle flexion contracture
74506	4703	NEB	HP:0030059	Mitochondrial depletion
74507	4703	NEB	HP:0002827	Hip dislocation
74508	4703	NEB	HP:0002808	Kyphosis
74509	4703	NEB	HP:0002803	Congenital contracture
74510	4703	NEB	HP:0002804	Arthrogryposis multiplex congenita
74511	4703	NEB	HP:0000239	Large fontanelles
74512	4703	NEB	HP:0001547	Abnormal rib cage morphology
74513	4703	NEB	HP:0002878	Respiratory failure
74514	4703	NEB	HP:0000218	High palate
74515	4703	NEB	HP:0002877	Nocturnal hypoventilation
74516	4703	NEB	HP:0002875	Exertional dyspnea
74517	4703	NEB	HP:0001561	Polyhydramnios
74518	4703	NEB	HP:0001558	Decreased fetal movement
74519	4703	NEB	HP:0002857	Genu valgum
74520	4703	NEB	HP:0001522	Death in infancy
74521	4703	NEB	HP:0001533	Slender build
74522	4703	NEB	HP:0030200	Fatiguable weakness of proximal limb muscles
74523	4703	NEB	HP:0030196	Fatigable weakness of respiratory muscles
74524	4703	NEB	HP:0030192	Fatigable weakness of bulbar muscles
74525	4703	NEB	HP:0030198	Fatigable weakness of distal limb muscles
74526	4703	NEB	HP:0000369	Low-set ears
74527	4703	NEB	HP:0000343	Long philtrum
74528	4703	NEB	HP:0000347	Micrognathia
74529	4703	NEB	HP:0000316	Hypertelorism
74530	4703	NEB	HP:0001623	Breech presentation
74531	4703	NEB	HP:0001622	Premature birth
74532	4703	NEB	HP:0002970	Genu varum
74533	4703	NEB	HP:0001638	Cardiomyopathy
74534	4703	NEB	HP:0030319	Weakness of facial musculature
74535	4703	NEB	HP:0000478	Abnormality of the eye
74536	4703	NEB	HP:0000470	Short neck
74537	4703	NEB	HP:0000467	Neck muscle weakness
74538	4703	NEB	HP:0001761	Pes cavus
74539	4703	NEB	HP:0000508	Ptosis
74540	4703	NEB	HP:0012548	Fatty replacement of skeletal muscle
74541	4703	NEB	HP:0001883	Talipes
98756	6231	RPS26	HP:0025194	Morgagni diaphragmatic hernia
98757	6231	RPS26	HP:0009944	Partial duplication of thumb phalanx
98758	6231	RPS26	HP:0001199	Triphalangeal thumb
98759	6231	RPS26	HP:0008551	Microtia
98760	6231	RPS26	HP:0001254	Lethargy
98761	6231	RPS26	HP:0001227	Abnormality of the thenar eminence
98762	6231	RPS26	HP:0000086	Ectopic kidney
98763	6231	RPS26	HP:0000085	Horseshoe kidney
98764	6231	RPS26	HP:0000075	Renal duplication
98765	6231	RPS26	HP:0000047	Hypospadias
98766	6231	RPS26	HP:0002669	Osteosarcoma
98767	6231	RPS26	HP:0000006	Autosomal dominant inheritance
98768	6231	RPS26	HP:0000185	Cleft soft palate
98769	6231	RPS26	HP:0000175	Cleft palate
98770	6231	RPS26	HP:0012133	Erythroid hypoplasia
98771	6231	RPS26	HP:0410030	Cleft lip
98772	6231	RPS26	HP:0000119	Abnormality of the genitourinary system
98773	6231	RPS26	HP:0000104	Renal agenesis
98774	6231	RPS26	HP:0002098	Respiratory distress
98775	6231	RPS26	HP:0040276	Adenocarcinoma of the colon
98776	6231	RPS26	HP:0011904	Persistence of hemoglobin F
98777	6231	RPS26	HP:0003593	Infantile onset
98778	6231	RPS26	HP:0003577	Congenital onset
98779	6231	RPS26	HP:0004808	Acute myeloid leukemia
98780	6231	RPS26	HP:0001087	Developmental glaucoma
98781	6231	RPS26	HP:0020118	Radial artery aplasia
98782	6231	RPS26	HP:0009777	Absent thumb
98783	6231	RPS26	HP:0009778	Short thumb
98784	6231	RPS26	HP:0005532	Macrocytic dyserythropoietic anemia
98785	6231	RPS26	HP:0005518	Increased mean corpuscular volume
98786	6231	RPS26	HP:0001972	Macrocytic anemia
98787	6231	RPS26	HP:0001903	Anemia
98788	6231	RPS26	HP:0004322	Short stature
98789	6231	RPS26	HP:0011463	Childhood onset
98790	6231	RPS26	HP:0000776	Congenital diaphragmatic hernia
98791	6231	RPS26	HP:0012758	Neurodevelopmental delay
98792	6231	RPS26	HP:0000912	Sprengel anomaly
98793	6231	RPS26	HP:0033074	Steroid-responsive anemia
98794	6231	RPS26	HP:0000980	Pallor
98795	6231	RPS26	HP:0005815	Supernumerary ribs
98796	6231	RPS26	HP:0000286	Epicanthus
98797	6231	RPS26	HP:0000294	Low anterior hairline
98798	6231	RPS26	HP:0000272	Malar flattening
98799	6231	RPS26	HP:0002817	Abnormality of the upper limb
98800	6231	RPS26	HP:0000234	Abnormality of the head
98801	6231	RPS26	HP:0000252	Microcephaly
98802	6231	RPS26	HP:0000218	High palate
98803	6231	RPS26	HP:0002863	Myelodysplasia
98804	6231	RPS26	HP:0001518	Small for gestational age
98805	6231	RPS26	HP:0001510	Growth delay
98806	6231	RPS26	HP:0000365	Hearing impairment
98807	6231	RPS26	HP:0000358	Posteriorly rotated ears
98808	6231	RPS26	HP:0000369	Low-set ears
98809	6231	RPS26	HP:0001680	Coarctation of aorta
98810	6231	RPS26	HP:0000347	Micrognathia
98811	6231	RPS26	HP:0000316	Hypertelorism
98812	6231	RPS26	HP:0001643	Patent ductus arteriosus
98813	6231	RPS26	HP:0001629	Ventricular septal defect
98814	6231	RPS26	HP:0001627	Abnormal heart morphology
98815	6231	RPS26	HP:0001631	Atrial septal defect
98816	6231	RPS26	HP:0005321	Mandibulofacial dysostosis
98817	6231	RPS26	HP:0000405	Conductive hearing impairment
98818	6231	RPS26	HP:0005280	Depressed nasal bridge
98819	6231	RPS26	HP:0000486	Strabismus
98820	6231	RPS26	HP:0001790	Nonimmune hydrops fetalis
98821	6231	RPS26	HP:0000475	Broad neck
98822	6231	RPS26	HP:0000470	Short neck
98823	6231	RPS26	HP:0000465	Webbed neck
98824	6231	RPS26	HP:0000453	Choanal atresia
98825	6231	RPS26	HP:0030270	Elevated red cell adenosine deaminase level
98826	6231	RPS26	HP:0012410	Pure red cell aplasia
98827	6231	RPS26	HP:0000413	Atresia of the external auditory canal
98828	6231	RPS26	HP:0000431	Wide nasal bridge
98829	6231	RPS26	HP:0006758	Malignant genitourinary tract tumor
98830	6231	RPS26	HP:0000519	Developmental cataract
98831	6231	RPS26	HP:0000508	Ptosis
98832	6231	RPS26	HP:0001894	Thrombocytosis
98833	6231	RPS26	HP:0001896	Reticulocytopenia
98834	6231	RPS26	HP:0001895	Normochromic anemia
98835	6231	RPS26	HP:0001882	Leukopenia
98836	6231	RPS26	HP:0001873	Thrombocytopenia
98837	6231	RPS26	HP:0001875	Neutropenia
100653	6327	SCN2B	HP:0001279	Syncope
100654	6327	SCN2B	HP:0000006	Autosomal dominant inheritance
100655	6327	SCN2B	HP:0011715	Trifascicular block
100656	6327	SCN2B	HP:0011712	Right bundle branch block
100657	6327	SCN2B	HP:0011704	Sick sinus syndrome
100658	6327	SCN2B	HP:0011705	First degree atrioventricular block
100659	6327	SCN2B	HP:0004757	Paroxysmal atrial fibrillation
100660	6327	SCN2B	HP:0004755	Supraventricular tachycardia
100661	6327	SCN2B	HP:0004751	Paroxysmal ventricular tachycardia
100662	6327	SCN2B	HP:0003596	Middle age onset
100663	6327	SCN2B	HP:0004308	Ventricular arrhythmia
100664	6327	SCN2B	HP:0000822	Hypertension
100665	6327	SCN2B	HP:0012248	Prolonged PR interval
100666	6327	SCN2B	HP:0012251	ST segment elevation
100667	6327	SCN2B	HP:0001695	Cardiac arrest
100668	6327	SCN2B	HP:0001649	Tachycardia
100669	6327	SCN2B	HP:0001663	Ventricular fibrillation
102501	6440	SFTPC	HP:0025175	Honeycomb lung
102502	6440	SFTPC	HP:0025179	Ground-glass opacification
102503	6440	SFTPC	HP:0033584	Nonspecific interstitial pneumonia
102504	6440	SFTPC	HP:0033542	Bronchial wall thickening
102505	6440	SFTPC	HP:0100806	Sepsis
102506	6440	SFTPC	HP:0001263	Global developmental delay
102507	6440	SFTPC	HP:0001217	Clubbing
102508	6440	SFTPC	HP:0033638	Intralobular septal thickening
102509	6440	SFTPC	HP:0032341	Reduced forced vital capacity
102510	6440	SFTPC	HP:0001394	Cirrhosis
102511	6440	SFTPC	HP:0025394	Cystic pattern on pulmonary HRCT
102512	6440	SFTPC	HP:0025390	Reticular pattern on pulmonary HRCT
102513	6440	SFTPC	HP:0000006	Autosomal dominant inheritance
102514	6440	SFTPC	HP:0002615	Hypotension
102515	6440	SFTPC	HP:0002789	Tachypnea
102516	6440	SFTPC	HP:0002020	Gastroesophageal reflux
102517	6440	SFTPC	HP:0002098	Respiratory distress
102518	6440	SFTPC	HP:0002094	Dyspnea
102519	6440	SFTPC	HP:0002092	Pulmonary arterial hypertension
102520	6440	SFTPC	HP:0002093	Respiratory insufficiency
102521	6440	SFTPC	HP:0002090	Pneumonia
102522	6440	SFTPC	HP:0010444	Pulmonary insufficiency
102523	6440	SFTPC	HP:0100598	Pulmonary edema
102524	6440	SFTPC	HP:0005942	Desquamative interstitial pneumonitis
102525	6440	SFTPC	HP:0002110	Bronchiectasis
102526	6440	SFTPC	HP:0002108	Spontaneous pneumothorax
102527	6440	SFTPC	HP:0002206	Pulmonary fibrosis
102528	6440	SFTPC	HP:0010702	Increased circulating antibody level
102529	6440	SFTPC	HP:0100750	Atelectasis
102530	6440	SFTPC	HP:0100759	Clubbing of fingers
102531	6440	SFTPC	HP:0033328	Type II pneumocyte hyperplasia
102532	6440	SFTPC	HP:0011947	Respiratory tract infection
102533	6440	SFTPC	HP:0031950	Usual interstitial pneumonia
102534	6440	SFTPC	HP:0012735	Cough
102535	6440	SFTPC	HP:0000765	Abnormal thorax morphology
102536	6440	SFTPC	HP:0030863	Nasal flaring
102537	6440	SFTPC	HP:0045051	Decreased DLCO
102538	6440	SFTPC	HP:0030830	Crackles
102539	6440	SFTPC	HP:0000961	Cyanosis
102540	6440	SFTPC	HP:0002878	Respiratory failure
102541	6440	SFTPC	HP:0002875	Exertional dyspnea
102542	6440	SFTPC	HP:0001508	Failure to thrive
102543	6440	SFTPC	HP:0006530	Abnormal pulmonary interstitial morphology
102544	6440	SFTPC	HP:0006532	Recurrent pneumonia
102545	6440	SFTPC	HP:0006515	Interstitial pneumonitis
102546	6440	SFTPC	HP:0006517	Intraalveolar phospholipid accumulation
102547	6440	SFTPC	HP:0006519	Alveolar cell carcinoma
102548	6440	SFTPC	HP:0001695	Cardiac arrest
102549	6440	SFTPC	HP:0001649	Tachycardia
102550	6440	SFTPC	HP:0001662	Bradycardia
102551	6440	SFTPC	HP:0001622	Premature birth
102552	6440	SFTPC	HP:0032977	Elevated bronchoalveolar lavage fluid neutrophil proportion
102553	6440	SFTPC	HP:0032980	Absent bronchoalveolar surfactant-protein C
102554	6440	SFTPC	HP:0012418	Hypoxemia
119965	7414	VCL	HP:0000006	Autosomal dominant inheritance
119966	7414	VCL	HP:0033755	Increased left ventricular end-diastolic volume
119967	7414	VCL	HP:0002092	Pulmonary arterial hypertension
119968	7414	VCL	HP:0100578	Lipoatrophy
119969	7414	VCL	HP:0003457	EMG abnormality
119970	7414	VCL	HP:0003596	Middle age onset
119971	7414	VCL	HP:0003584	Late onset
119972	7414	VCL	HP:0032092	Left ventricular outflow tract obstruction
119973	7414	VCL	HP:0012664	Reduced left ventricular ejection fraction
119974	7414	VCL	HP:0031992	Apical hypertrophic cardiomyopathy
119975	7414	VCL	HP:0011462	Young adult onset
119976	7414	VCL	HP:0003198	Myopathy
119977	7414	VCL	HP:0003236	Elevated circulating creatine kinase concentration
119978	7414	VCL	HP:0034313	Hyperdynamic left ventricular ejection fraction
119979	7414	VCL	HP:0000982	Palmoplantar keratoderma
119980	7414	VCL	HP:0031318	Myofiber disarray
119981	7414	VCL	HP:0031319	Cardiomyocyte hypertrophy
119982	7414	VCL	HP:0002875	Exertional dyspnea
119983	7414	VCL	HP:0001644	Dilated cardiomyopathy
119984	7414	VCL	HP:0001639	Hypertrophic cardiomyopathy
119985	7414	VCL	HP:0001635	Congestive heart failure
119986	7414	VCL	HP:0006685	Endocardial fibrosis
119987	7414	VCL	HP:0000407	Sensorineural hearing impairment
119988	7414	VCL	HP:0001874	Abnormality of neutrophils
149825	10525	HYOU1	HP:0009890	High anterior hairline
149826	10525	HYOU1	HP:0100806	Sepsis
149827	10525	HYOU1	HP:0001238	Slender finger
149828	10525	HYOU1	HP:0410300	Complete or near-complete absence of specific antibody response to unconjugated pneumococcus vaccine
149829	10525	HYOU1	HP:0012089	Arteritis
149830	10525	HYOU1	HP:0000007	Autosomal recessive inheritance
149831	10525	HYOU1	HP:0002783	Recurrent lower respiratory tract infections
149832	10525	HYOU1	HP:0002788	Recurrent upper respiratory tract infections
149833	10525	HYOU1	HP:0002721	Immunodeficiency
149834	10525	HYOU1	HP:0002024	Malabsorption
149835	10525	HYOU1	HP:0002028	Chronic diarrhea
149836	10525	HYOU1	HP:0002240	Hepatomegaly
149837	10525	HYOU1	HP:0003623	Neonatal onset
149838	10525	HYOU1	HP:0001943	Hypoglycemia
149839	10525	HYOU1	HP:0004322	Short stature
149840	10525	HYOU1	HP:0004313	Decreased circulating antibody level
149841	10525	HYOU1	HP:0000768	Pectus carinatum
149842	10525	HYOU1	HP:0040154	Acne inversa
149843	10525	HYOU1	HP:0000275	Narrow face
149844	10525	HYOU1	HP:0001581	Recurrent skin infections
149845	10525	HYOU1	HP:0000218	High palate
149846	10525	HYOU1	HP:0006579	Prolonged neonatal jaundice
149847	10525	HYOU1	HP:0000347	Micrognathia
149848	10525	HYOU1	HP:0012302	Herpes simplex encephalitis
149849	10525	HYOU1	HP:0000300	Oval face
149850	10525	HYOU1	HP:0000460	Narrow nose
149851	10525	HYOU1	HP:0011107	Recurrent aphthous stomatitis
149852	10525	HYOU1	HP:0000431	Wide nasal bridge
149853	10525	HYOU1	HP:0030388	Decreased proportion of class-switched memory B cells
158799	23096	IQSEC2	HP:0002487	Hyperkinetic movements
158800	23096	IQSEC2	HP:0001156	Brachydactyly
158801	23096	IQSEC2	HP:0001161	Hand polydactyly
158802	23096	IQSEC2	HP:0002465	Poor speech
158803	23096	IQSEC2	HP:0007328	Impaired pain sensation
158804	23096	IQSEC2	HP:0010864	Intellectual disability, severe
158805	23096	IQSEC2	HP:0001290	Generalized hypotonia
158806	23096	IQSEC2	HP:0001288	Gait disturbance
158807	23096	IQSEC2	HP:0001250	Seizure
158808	23096	IQSEC2	HP:0001252	Hypotonia
158809	23096	IQSEC2	HP:0001249	Intellectual disability
158810	23096	IQSEC2	HP:0001265	Hyporeflexia
158811	23096	IQSEC2	HP:0001263	Global developmental delay
158812	23096	IQSEC2	HP:0008763	No social interaction
158813	23096	IQSEC2	HP:0007370	Aplasia/Hypoplasia of the corpus callosum
158814	23096	IQSEC2	HP:0008678	Renal hypoplasia/aplasia
158815	23096	IQSEC2	HP:0000069	Abnormality of the ureter
158816	23096	IQSEC2	HP:0001387	Joint stiffness
158817	23096	IQSEC2	HP:0008872	Feeding difficulties in infancy
158818	23096	IQSEC2	HP:0001344	Absent speech
158819	23096	IQSEC2	HP:0002650	Scoliosis
158820	23096	IQSEC2	HP:0012171	Stereotypical hand wringing
158821	23096	IQSEC2	HP:0000194	Open mouth
158822	23096	IQSEC2	HP:0000175	Cleft palate
158823	23096	IQSEC2	HP:0001423	X-linked dominant inheritance
158824	23096	IQSEC2	HP:0001419	X-linked recessive inheritance
158825	23096	IQSEC2	HP:0002020	Gastroesophageal reflux
158826	23096	IQSEC2	HP:0002019	Constipation
158827	23096	IQSEC2	HP:0002007	Frontal bossing
158828	23096	IQSEC2	HP:0003312	Abnormal form of the vertebral bodies
158829	23096	IQSEC2	HP:0011800	Midface retrusion
158830	23096	IQSEC2	HP:0100542	Abnormal localization of kidney
158831	23096	IQSEC2	HP:0002069	Bilateral tonic-clonic seizure
158832	23096	IQSEC2	HP:0002155	Hypertriglyceridemia
158833	23096	IQSEC2	HP:0002119	Ventriculomegaly
158834	23096	IQSEC2	HP:0002167	Abnormality of speech or vocalization
158835	23096	IQSEC2	HP:0003593	Infantile onset
158836	23096	IQSEC2	HP:0100716	Self-injurious behavior
158837	23096	IQSEC2	HP:0100729	Large face
158838	23096	IQSEC2	HP:0007016	Corticospinal tract hypoplasia
158839	23096	IQSEC2	HP:0007018	Attention deficit hyperactivity disorder
158840	23096	IQSEC2	HP:0002360	Sleep disturbance
158841	23096	IQSEC2	HP:0002376	Developmental regression
158842	23096	IQSEC2	HP:0002353	EEG abnormality
158843	23096	IQSEC2	HP:0010819	Atonic seizure
158844	23096	IQSEC2	HP:0009830	Peripheral neuropathy
158845	23096	IQSEC2	HP:0010804	Tented upper lip vermilion
158846	23096	IQSEC2	HP:0010780	Hyperacusis
158847	23096	IQSEC2	HP:0004209	Clinodactyly of the 5th finger
158848	23096	IQSEC2	HP:0000680	Delayed eruption of primary teeth
158849	23096	IQSEC2	HP:0000679	Taurodontia
158850	23096	IQSEC2	HP:0000664	Synophrys
158851	23096	IQSEC2	HP:0000666	Horizontal nystagmus
158852	23096	IQSEC2	HP:0004322	Short stature
158853	23096	IQSEC2	HP:0005607	Abnormal tracheobronchial morphology
158854	23096	IQSEC2	HP:0030680	Abnormality of cardiovascular system morphology
158855	23096	IQSEC2	HP:0000739	Anxiety
158856	23096	IQSEC2	HP:0000733	Abnormal repetitive mannerisms
158857	23096	IQSEC2	HP:0000735	Impaired social interactions
158858	23096	IQSEC2	HP:0000750	Delayed speech and language development
158859	23096	IQSEC2	HP:0000718	Aggressive behavior
158860	23096	IQSEC2	HP:0000717	Autism
158861	23096	IQSEC2	HP:0000729	Autistic behavior
158862	23096	IQSEC2	HP:0000708	Atypical behavior
158863	23096	IQSEC2	HP:0003124	Hypercholesterolemia
158864	23096	IQSEC2	HP:0003196	Short nose
158865	23096	IQSEC2	HP:0000826	Precocious puberty
158866	23096	IQSEC2	HP:0000821	Hypothyroidism
158867	23096	IQSEC2	HP:0000823	Delayed puberty
158868	23096	IQSEC2	HP:0000253	Progressive microcephaly
158869	23096	IQSEC2	HP:0000252	Microcephaly
158870	23096	IQSEC2	HP:0000248	Brachycephaly
158871	23096	IQSEC2	HP:0001558	Decreased fetal movement
158872	23096	IQSEC2	HP:0001531	Failure to thrive in infancy
158873	23096	IQSEC2	HP:0000204	Cleft upper lip
158874	23096	IQSEC2	HP:0001513	Obesity
158875	23096	IQSEC2	HP:0000389	Chronic otitis media
158876	23096	IQSEC2	HP:0001609	Hoarse voice
158877	23096	IQSEC2	HP:0001611	Hypernasal speech
158878	23096	IQSEC2	HP:0000337	Broad forehead
158879	23096	IQSEC2	HP:0000347	Micrognathia
158880	23096	IQSEC2	HP:0000316	Hypertelorism
158881	23096	IQSEC2	HP:0000322	Short philtrum
158882	23096	IQSEC2	HP:0000303	Mandibular prognathia
158883	23096	IQSEC2	HP:0000405	Conductive hearing impairment
158884	23096	IQSEC2	HP:0000400	Macrotia
158885	23096	IQSEC2	HP:0005280	Depressed nasal bridge
158886	23096	IQSEC2	HP:0030215	Inappropriate crying
158887	23096	IQSEC2	HP:0000486	Strabismus
158888	23096	IQSEC2	HP:0000482	Microcornea
158889	23096	IQSEC2	HP:0000490	Deeply set eye
158890	23096	IQSEC2	HP:0000463	Anteverted nares
158891	23096	IQSEC2	HP:0001770	Toe syndactyly
158892	23096	IQSEC2	HP:0001763	Pes planus
158893	23096	IQSEC2	HP:0000431	Wide nasal bridge
158894	23096	IQSEC2	HP:0001761	Pes cavus
158895	23096	IQSEC2	HP:0005484	Secondary microcephaly
158896	23096	IQSEC2	HP:0000582	Upslanted palpebral fissure
158897	23096	IQSEC2	HP:0012557	EEG with centrotemporal focal spike waves
158898	23096	IQSEC2	HP:0000541	Retinal detachment
158899	23096	IQSEC2	HP:0000540	Hypermetropia
158900	23096	IQSEC2	HP:0000545	Myopia
185724	55145	THAP1	HP:0002451	Limb dystonia
185725	55145	THAP1	HP:0007325	Generalized dystonia
185726	55145	THAP1	HP:0001260	Dysarthria
185727	55145	THAP1	HP:0003829	Typified by incomplete penetrance
185728	55145	THAP1	HP:0031008	Lingual dystonia
185729	55145	THAP1	HP:0012048	Oromandibular dystonia
185730	55145	THAP1	HP:0012049	Laryngeal dystonia
185731	55145	THAP1	HP:0001332	Dystonia
185732	55145	THAP1	HP:0000006	Autosomal dominant inheritance
185733	55145	THAP1	HP:0001336	Myoclonus
185734	55145	THAP1	HP:0001304	Torsion dystonia
185735	55145	THAP1	HP:0012179	Craniofacial dystonia
185736	55145	THAP1	HP:0002356	Writer's cramp
185737	55145	THAP1	HP:0003621	Juvenile onset
185738	55145	THAP1	HP:0000643	Blepharospasm
185739	55145	THAP1	HP:0011462	Young adult onset
185740	55145	THAP1	HP:0001618	Dysphonia
185741	55145	THAP1	HP:0000473	Torticollis
202874	79042	TSEN34	HP:0025190	Bilateral tonic-clonic seizure with generalized onset
202875	79042	TSEN34	HP:0001270	Motor delay
202876	79042	TSEN34	HP:0001250	Seizure
202877	79042	TSEN34	HP:0001266	Choreoathetosis
202878	79042	TSEN34	HP:0001257	Spasticity
202879	79042	TSEN34	HP:0002536	Abnormal cortical gyration
202880	79042	TSEN34	HP:0031162	Impaired oropharyngeal swallow response
202881	79042	TSEN34	HP:0001332	Dystonia
202882	79042	TSEN34	HP:0000007	Autosomal recessive inheritance
202883	79042	TSEN34	HP:0001320	Cerebellar vermis hypoplasia
202884	79042	TSEN34	HP:0001321	Cerebellar hypoplasia
202885	79042	TSEN34	HP:0007663	Reduced visual acuity
202886	79042	TSEN34	HP:0007598	Bilateral single transverse palmar creases
202887	79042	TSEN34	HP:0002719	Recurrent infections
202888	79042	TSEN34	HP:0002020	Gastroesophageal reflux
202889	79042	TSEN34	HP:0002033	Poor suck
202890	79042	TSEN34	HP:0002079	Hypoplasia of the corpus callosum
202891	79042	TSEN34	HP:0002072	Chorea
202892	79042	TSEN34	HP:0003487	Babinski sign
202893	79042	TSEN34	HP:0002123	Generalized myoclonic seizure
202894	79042	TSEN34	HP:0002119	Ventriculomegaly
202895	79042	TSEN34	HP:0002104	Apnea
202896	79042	TSEN34	HP:0002268	Paroxysmal dystonia
202897	79042	TSEN34	HP:0100704	Cerebral visual impairment
202898	79042	TSEN34	HP:0003558	Viral infection-induced rhabdomyolysis
202899	79042	TSEN34	HP:0200136	Oral-pharyngeal dysphagia
202900	79042	TSEN34	HP:0011968	Feeding difficulties
202901	79042	TSEN34	HP:0002365	Hypoplasia of the brainstem
202902	79042	TSEN34	HP:0002360	Sleep disturbance
202903	79042	TSEN34	HP:0002350	Cerebellar cyst
202904	79042	TSEN34	HP:0200049	Upper limb hypertonia
202905	79042	TSEN34	HP:0006850	Hypoplasia of the ventral pons
202906	79042	TSEN34	HP:0006895	Lower limb hypertonia
202907	79042	TSEN34	HP:0009062	Infantile axial hypotonia
202908	79042	TSEN34	HP:0011344	Severe global developmental delay
202909	79042	TSEN34	HP:0001999	Abnormal facial shape
202910	79042	TSEN34	HP:0006989	Dysplastic corpus callosum
202911	79042	TSEN34	HP:0011471	Gastrostomy tube feeding in infancy
202912	79042	TSEN34	HP:0012765	Widened cerebellar subarachnoid space
202913	79042	TSEN34	HP:0100307	Cerebellar hemisphere hypoplasia
202914	79042	TSEN34	HP:0000253	Progressive microcephaly
202915	79042	TSEN34	HP:0000252	Microcephaly
202916	79042	TSEN34	HP:0000340	Sloping forehead
202917	79042	TSEN34	HP:0011171	Simple febrile seizure
202918	79042	TSEN34	HP:0012469	Infantile spasms
202919	79042	TSEN34	HP:0000505	Visual impairment
